ItemId,Type,Name,Rarity,Value,Stack,PropertyA,PropertyB,PropertyC,PropertyD,PropertyE,PropertyF,PropertyG,PropertyH,Description,,,,,,,,,,,,,,
100,Consumable,,,,,,,,,,,,,,,,,,,,,,,,,,,
101,Consumable,Tiny Voucher,1,,9,25,,,,,,,322486373602820106,This voucher is redeemable for 25 points,,,,,,,,,,,,,,
102,Consumable,Small Voucher,2,,9,500,,,,,,,322486372827004950,This voucher is redeemable for 500 points,,,,,,,,,,,,,,
103,Consumable,Medium Voucher,3,,9,3000,,,,,,,322486373405818890,This voucher is redeemable for 3000 points,,,,,,,,,,,,,,
104,Consumable,Large Voucher,4,,9,10000,,,,,,,322486373154160641,This voucher is redeemable for 10000 points,,,,,,,,,,,,,,
105,Consumable,Giant Voucher,5,,9,25000,,,,,,,322486373049171970,This voucher is redeemable for 30000 points,,,,,,,,,,,,,,
106,Consumable,,,,,,,,,,,,,,,,,,,,,,,,,,,
107,Consumable,Wood Voucher,1,,9,-1,325,,,,,,322567686108348416,This voucher is redeemable for 0-325 points,,,,,,,,,,,,,,
108,Consumable,Plastic Voucher,1,,9,200,750,,,,,,322536341290221570,This voucher is redeemable for 200-750 points,,,,,,,,,,,,,,
109,Consumable,Copper Voucher,1,,9,500,1500,,,,,,322536341088763926,This voucher is redeemable for 500-1500 points,,,,,,,,,,,,,,
110,Consumable,Silver Voucher,2,,9,1250,5000,,,,,,322536340170342412,This voucher is redeemable for 1250-5000 points,,,,,,,,,,,,,,
111,Consumable,Gold Voucher,3,,9,2500,10000,,,,,,322536341155872770,This voucher is redeemable for 2500-10000 points,,,,,,,,,,,,,,
112,Consumable,Diamond Voucher,4,,9,5000,20000,,,,,,322536340610613250,This voucher is redeemable for 5000-20000 points,,,,,,,,,,,,,,
113,Consumable,Emerald Voucher,5,,9,10000,40000,,,,,,322536340698824704,This voucher is redeemable for 10000-40000 points,,,,,,,,,,,,,,
114,Consumable,Mythic Voucher,7,,9,-1,99999,,,,,,322536340677722112,This voucher is redeemable for 0-100000 points,,,,,,,,,,,,,,
115,Consumable,,,,,,,,,,,,,,,,,,,,,,,,,,,
116,Consumable,Dark Voucher,4,,9,-5500,5000,,,,,,322536341667708930,Who knows what this voucher does,,,,,,,,,,,,,,
117,Consumable,Devil Voucher,6,,9,-85000,70000,,,,,,322536341416050689,You're gonna want to be careful using this,,,,,,,,,,,,,,
118,Consumable,,,,,,,,,,,,,,,,,,,,,,,,,,,
119,Consumable,,,,,,,,,,,,,,,,,,,,,,,,,,,
120,Consumable,,,,,,,,,,,,,,,,,,,,,,,,,,,
121,Consumable,,,,,,,,,,,,,,,,,,,,,,,,,,,
122,Consumable,,,,,,,,,,,,,,,,,,,,,,,,,,,
123,Consumable,,,,,,,,,,,,,,,,,,,,,,,,,,,
124,Consumable,,,,,,,,,,,,,,,,,,,,,,,,,,,
125,Consumable,,,,,,,,,,,,,,,,,,,,,,,,,,,
126,Consumable,,,,,,,,,,,,,,,,,,,,,,,,,,,
127,Consumable,,,,,,,,,,,,,,,,,,,,,,,,,,,
128,Consumable,,,,,,,,,,,,,,,,,,,,,,,,,,,
129,Consumable,,,,,,,,,,,,,,,,,,,,,,,,,,,
130,Consumable,Key,2,,99,,,,,,,,322571904491978752,This key unlocks a random crate in your inventory,,,,,,,,,,,,,,
131,Consumable,,,,,,,,,,,,,,,,,,,,,,,,,,,
132,Consumable,,,,,,,,,,,,,,,,,,,,,,,,,,,
133,Consumable,,,,,,,,,,,,,,,,,,,,,,,,,,,
134,Consumable,,,,,,,,,,,,,,,,,,,,,,,,,,,
135,Consumable,,,,,,,,,,,,,,,,,,,,,,,,,,,
136,Consumable,,,,,,,,,,,,,,,,,,,,,,,,,,,
137,Consumable,,,,,,,,,,,,,,,,,,,,,,,,,,,
138,Consumable,,,,,,,,,,,,,,,,,,,,,,,,,,,
139,Consumable,,,,,,,,,,,,,,,,,,,,,,,,,,,
140,Consumable,,,,,,,,,,,,,,,,,,,,,,,,,,,
141,Consumable,,,,,,,,,,,,,,,,,,,,,,,,,,,
142,Consumable,,,,,,,,,,,,,,,,,,,,,,,,,,,
143,Consumable,,,,,,,,,,,,,,,,,,,,,,,,,,,
144,Consumable,,,,,,,,,,,,,,,,,,,,,,,,,,,
145,Consumable,,,,,,,,,,,,,,,,,,,,,,,,,,,
146,Consumable,,,,,,,,,,,,,,,,,,,,,,,,,,,
147,Consumable,,,,,,,,,,,,,,,,,,,,,,,,,,,
148,Consumable,,,,,,,,,,,,,,,,,,,,,,,,,,,
149,Consumable,,,,,,,,,,,,,,,,,,,,,,,,,,,
150,Consumable,,,,,,,,,,,,,,,,,,,,,,,,,,,
151,Consumable,,,,,,,,,,,,,,,,,,,,,,,,,,,
152,Consumable,,,,,,,,,,,,,,,,,,,,,,,,,,,
153,Consumable,,,,,,,,,,,,,,,,,,,,,,,,,,,
154,Consumable,,,,,,,,,,,,,,,,,,,,,,,,,,,
155,Consumable,,,,,,,,,,,,,,,,,,,,,,,,,,,
156,Consumable,,,,,,,,,,,,,,,,,,,,,,,,,,,
157,Consumable,,,,,,,,,,,,,,,,,,,,,,,,,,,
158,Consumable,,,,,,,,,,,,,,,,,,,,,,,,,,,
159,Consumable,,,,,,,,,,,,,,,,,,,,,,,,,,,
160,Consumable,,,,,,,,,,,,,,,,,,,,,,,,,,,
161,Consumable,,,,,,,,,,,,,,,,,,,,,,,,,,,
162,Consumable,,,,,,,,,,,,,,,,,,,,,,,,,,,
163,Consumable,,,,,,,,,,,,,,,,,,,,,,,,,,,
164,Consumable,,,,,,,,,,,,,,,,,,,,,,,,,,,
165,Consumable,,,,,,,,,,,,,,,,,,,,,,,,,,,
166,Consumable,,,,,,,,,,,,,,,,,,,,,,,,,,,
167,Consumable,,,,,,,,,,,,,,,,,,,,,,,,,,,
168,Consumable,,,,,,,,,,,,,,,,,,,,,,,,,,,
169,Consumable,,,,,,,,,,,,,,,,,,,,,,,,,,,
170,Consumable,,,,,,,,,,,,,,,,,,,,,,,,,,,
171,Consumable,,,,,,,,,,,,,,,,,,,,,,,,,,,
172,Consumable,,,,,,,,,,,,,,,,,,,,,,,,,,,
173,Consumable,,,,,,,,,,,,,,,,,,,,,,,,,,,
174,Consumable,,,,,,,,,,,,,,,,,,,,,,,,,,,
175,Consumable,,,,,,,,,,,,,,,,,,,,,,,,,,,
176,Consumable,,,,,,,,,,,,,,,,,,,,,,,,,,,
177,Consumable,,,,,,,,,,,,,,,,,,,,,,,,,,,
178,Consumable,,,,,,,,,,,,,,,,,,,,,,,,,,,
179,Consumable,,,,,,,,,,,,,,,,,,,,,,,,,,,
180,Consumable,,,,,,,,,,,,,,,,,,,,,,,,,,,
181,Consumable,,,,,,,,,,,,,,,,,,,,,,,,,,,
182,Consumable,,,,,,,,,,,,,,,,,,,,,,,,,,,
183,Consumable,,,,,,,,,,,,,,,,,,,,,,,,,,,
184,Consumable,,,,,,,,,,,,,,,,,,,,,,,,,,,
185,Consumable,,,,,,,,,,,,,,,,,,,,,,,,,,,
186,Consumable,,,,,,,,,,,,,,,,,,,,,,,,,,,
187,Consumable,,,,,,,,,,,,,,,,,,,,,,,,,,,
188,Consumable,,,,,,,,,,,,,,,,,,,,,,,,,,,
189,Consumable,,,,,,,,,,,,,,,,,,,,,,,,,,,
190,Consumable,,,,,,,,,,,,,,,,,,,,,,,,,,,
191,Consumable,,,,,,,,,,,,,,,,,,,,,,,,,,,
192,Consumable,,,,,,,,,,,,,,,,,,,,,,,,,,,
193,Consumable,,,,,,,,,,,,,,,,,,,,,,,,,,,
194,Consumable,,,,,,,,,,,,,,,,,,,,,,,,,,,
195,Consumable,,,,,,,,,,,,,,,,,,,,,,,,,,,
196,Consumable,,,,,,,,,,,,,,,,,,,,,,,,,,,
197,Consumable,,,,,,,,,,,,,,,,,,,,,,,,,,,
198,Consumable,,,,,,,,,,,,,,,,,,,,,,,,,,,
199,Consumable,,,,,,,,,,,,,,,,,,,,,,,,,,,
200,Vanity,VIP,4,100000,1,,,,,,,,319277157287329802,"If you have this item, you are special. Congratulations.",,,,,,,,,,,,,,
201,Vanity,,,,,,,,,,,,,,,,,,,,,,,,,,,
202,Vanity,,,,,,,,,,,,,,,,,,,,,,,,,,,
203,Vanity,,,,,,,,,,,,,,,,,,,,,,,,,,,
204,Vanity,,,,,,,,,,,,,,,,,,,,,,,,,,,
205,Vanity,,,,,,,,,,,,,,,,,,,,,,,,,,,
206,Vanity,,,,,,,,,,,,,,,,,,,,,,,,,,,
207,Vanity,,,,,,,,,,,,,,,,,,,,,,,,,,,
208,Vanity,,,,,,,,,,,,,,,,,,,,,,,,,,,
209,Vanity,,,,,,,,,,,,,,,,,,,,,,,,,,,
210,Vanity,,,,,,,,,,,,,,,,,,,,,,,,,,,
211,Vanity,,,,,,,,,,,,,,,,,,,,,,,,,,,
212,Vanity,,,,,,,,,,,,,,,,,,,,,,,,,,,
213,Vanity,,,,,,,,,,,,,,,,,,,,,,,,,,,
214,Vanity,,,,,,,,,,,,,,,,,,,,,,,,,,,
215,Vanity,,,,,,,,,,,,,,,,,,,,,,,,,,,
216,Vanity,,,,,,,,,,,,,,,,,,,,,,,,,,,
217,Vanity,,,,,,,,,,,,,,,,,,,,,,,,,,,
218,Vanity,,,,,,,,,,,,,,,,,,,,,,,,,,,
219,Vanity,,,,,,,,,,,,,,,,,,,,,,,,,,,
220,Vanity,,,,,,,,,,,,,,,,,,,,,,,,,,,
221,Vanity,,,,,,,,,,,,,,,,,,,,,,,,,,,
222,Vanity,,,,,,,,,,,,,,,,,,,,,,,,,,,
223,Vanity,,,,,,,,,,,,,,,,,,,,,,,,,,,
224,Vanity,,,,,,,,,,,,,,,,,,,,,,,,,,,
225,Vanity,,,,,,,,,,,,,,,,,,,,,,,,,,,
226,Vanity,,,,,,,,,,,,,,,,,,,,,,,,,,,
227,Vanity,,,,,,,,,,,,,,,,,,,,,,,,,,,
228,Vanity,,,,,,,,,,,,,,,,,,,,,,,,,,,
229,Vanity,,,,,,,,,,,,,,,,,,,,,,,,,,,
230,Vanity,,,,,,,,,,,,,,,,,,,,,,,,,,,
231,Vanity,,,,,,,,,,,,,,,,,,,,,,,,,,,
232,Vanity,,,,,,,,,,,,,,,,,,,,,,,,,,,
233,Vanity,,,,,,,,,,,,,,,,,,,,,,,,,,,
234,Vanity,,,,,,,,,,,,,,,,,,,,,,,,,,,
235,Vanity,,,,,,,,,,,,,,,,,,,,,,,,,,,
236,Vanity,,,,,,,,,,,,,,,,,,,,,,,,,,,
237,Vanity,,,,,,,,,,,,,,,,,,,,,,,,,,,
238,Vanity,,,,,,,,,,,,,,,,,,,,,,,,,,,
239,Vanity,,,,,,,,,,,,,,,,,,,,,,,,,,,
240,Vanity,,,,,,,,,,,,,,,,,,,,,,,,,,,
241,Vanity,,,,,,,,,,,,,,,,,,,,,,,,,,,
242,Vanity,,,,,,,,,,,,,,,,,,,,,,,,,,,
243,Vanity,,,,,,,,,,,,,,,,,,,,,,,,,,,
244,Vanity,,,,,,,,,,,,,,,,,,,,,,,,,,,
245,Vanity,,,,,,,,,,,,,,,,,,,,,,,,,,,
246,Vanity,,,,,,,,,,,,,,,,,,,,,,,,,,,
247,Vanity,,,,,,,,,,,,,,,,,,,,,,,,,,,
248,Vanity,,,,,,,,,,,,,,,,,,,,,,,,,,,
249,Vanity,,,,,,,,,,,,,,,,,,,,,,,,,,,
250,Vanity,,,,,,,,,,,,,,,,,,,,,,,,,,,
251,Vanity,,,,,,,,,,,,,,,,,,,,,,,,,,,
252,Vanity,,,,,,,,,,,,,,,,,,,,,,,,,,,
253,Vanity,,,,,,,,,,,,,,,,,,,,,,,,,,,
254,Vanity,,,,,,,,,,,,,,,,,,,,,,,,,,,
255,Vanity,,,,,,,,,,,,,,,,,,,,,,,,,,,
256,Vanity,,,,,,,,,,,,,,,,,,,,,,,,,,,
257,Vanity,,,,,,,,,,,,,,,,,,,,,,,,,,,
258,Vanity,,,,,,,,,,,,,,,,,,,,,,,,,,,
259,Vanity,,,,,,,,,,,,,,,,,,,,,,,,,,,
260,Vanity,,,,,,,,,,,,,,,,,,,,,,,,,,,
261,Vanity,,,,,,,,,,,,,,,,,,,,,,,,,,,
262,Vanity,,,,,,,,,,,,,,,,,,,,,,,,,,,
263,Vanity,,,,,,,,,,,,,,,,,,,,,,,,,,,
264,Vanity,,,,,,,,,,,,,,,,,,,,,,,,,,,
265,Vanity,,,,,,,,,,,,,,,,,,,,,,,,,,,
266,Vanity,,,,,,,,,,,,,,,,,,,,,,,,,,,
267,Vanity,,,,,,,,,,,,,,,,,,,,,,,,,,,
268,Vanity,,,,,,,,,,,,,,,,,,,,,,,,,,,
269,Vanity,,,,,,,,,,,,,,,,,,,,,,,,,,,
270,Vanity,,,,,,,,,,,,,,,,,,,,,,,,,,,
271,Vanity,,,,,,,,,,,,,,,,,,,,,,,,,,,
272,Vanity,,,,,,,,,,,,,,,,,,,,,,,,,,,
273,Vanity,,,,,,,,,,,,,,,,,,,,,,,,,,,
274,Vanity,,,,,,,,,,,,,,,,,,,,,,,,,,,
275,Vanity,,,,,,,,,,,,,,,,,,,,,,,,,,,
276,Vanity,,,,,,,,,,,,,,,,,,,,,,,,,,,
277,Vanity,,,,,,,,,,,,,,,,,,,,,,,,,,,
278,Vanity,,,,,,,,,,,,,,,,,,,,,,,,,,,
279,Vanity,,,,,,,,,,,,,,,,,,,,,,,,,,,
280,Vanity,,,,,,,,,,,,,,,,,,,,,,,,,,,
281,Vanity,,,,,,,,,,,,,,,,,,,,,,,,,,,
282,Vanity,,,,,,,,,,,,,,,,,,,,,,,,,,,
283,Vanity,,,,,,,,,,,,,,,,,,,,,,,,,,,
284,Vanity,,,,,,,,,,,,,,,,,,,,,,,,,,,
285,Vanity,,,,,,,,,,,,,,,,,,,,,,,,,,,
286,Vanity,,,,,,,,,,,,,,,,,,,,,,,,,,,
287,Vanity,,,,,,,,,,,,,,,,,,,,,,,,,,,
288,Vanity,,,,,,,,,,,,,,,,,,,,,,,,,,,
289,Vanity,,,,,,,,,,,,,,,,,,,,,,,,,,,
290,Vanity,,,,,,,,,,,,,,,,,,,,,,,,,,,
291,Vanity,,,,,,,,,,,,,,,,,,,,,,,,,,,
292,Vanity,,,,,,,,,,,,,,,,,,,,,,,,,,,
293,Vanity,,,,,,,,,,,,,,,,,,,,,,,,,,,
294,Vanity,,,,,,,,,,,,,,,,,,,,,,,,,,,
295,Vanity,,,,,,,,,,,,,,,,,,,,,,,,,,,
296,Vanity,,,,,,,,,,,,,,,,,,,,,,,,,,,
297,Vanity,,,,,,,,,,,,,,,,,,,,,,,,,,,
298,Vanity,,,,,,,,,,,,,,,,,,,,,,,,,,,
299,Vanity,,,,,,,,,,,,,,,,,,,,,,,,,,,
300,Crate,Voucher Crate,2,,1,500,1,,,,,,322567756442632192,This basic crate contains a random voucher,,,,,,,,,,,,,,
301,Crate,Large Voucher Crate,2,,1,1500,5,,,,,,322567756291637248,This basic crate contains 5 random vouchers,,,,,,,,,,,,,,
302,Crate,,,,,,,,,,,,,,,,,,,,,,,,,,,
303,Crate,Voucher Crate,3,,1,2500,1,,,,,,322567756304220160,This rare crate contains a random voucher,,,,,,,,,,,,,,
304,Crate,Large Voucher Crate,3,,1,7500,5,,,,,,322567756014682113,This rare crate contains 5 random vouchers,,,,,,,,,,,,,,
305,Crate,,,,,,,,,,,,,,,,,,,,,,,,,,,
306,Crate,Voucher Crate,4,,1,8000,1,,,,,,322567756492963840,This epic crate contains a random voucher,,,,,,,,,,,,,,
307,Crate,Large Voucher Crate,4,,1,24000,5,,,,,,322567756069470209,This epic crate contains 5 random vouchers,,,,,,,,,,,,,,
308,Crate,,,,,,,,,,,,,,,,,,,,,,,,,,,
309,Crate,,,,,,,,,,,,,,,,,,,,,,,,,,,
310,Crate,,,,,,,,,,,,,,,,,,,,,,,,,,,
311,Crate,,,,,,,,,,,,,,,,,,,,,,,,,,,
312,Crate,,,,,,,,,,,,,,,,,,,,,,,,,,,
313,Crate,,,,,,,,,,,,,,,,,,,,,,,,,,,
314,Crate,,,,,,,,,,,,,,,,,,,,,,,,,,,
315,Crate,,,,,,,,,,,,,,,,,,,,,,,,,,,
316,Crate,,,,,,,,,,,,,,,,,,,,,,,,,,,
317,Crate,,,,,,,,,,,,,,,,,,,,,,,,,,,
318,Crate,,,,,,,,,,,,,,,,,,,,,,,,,,,
319,Crate,,,,,,,,,,,,,,,,,,,,,,,,,,,
320,Crate,,,,,,,,,,,,,,,,,,,,,,,,,,,
321,Crate,,,,,,,,,,,,,,,,,,,,,,,,,,,
322,Crate,,,,,,,,,,,,,,,,,,,,,,,,,,,
323,Crate,,,,,,,,,,,,,,,,,,,,,,,,,,,
324,Crate,,,,,,,,,,,,,,,,,,,,,,,,,,,
325,Crate,,,,,,,,,,,,,,,,,,,,,,,,,,,
326,Crate,,,,,,,,,,,,,,,,,,,,,,,,,,,
327,Crate,,,,,,,,,,,,,,,,,,,,,,,,,,,
328,Crate,,,,,,,,,,,,,,,,,,,,,,,,,,,
329,Crate,,,,,,,,,,,,,,,,,,,,,,,,,,,
330,Crate,,,,,,,,,,,,,,,,,,,,,,,,,,,
331,Crate,,,,,,,,,,,,,,,,,,,,,,,,,,,
332,Crate,,,,,,,,,,,,,,,,,,,,,,,,,,,
333,Crate,,,,,,,,,,,,,,,,,,,,,,,,,,,
334,Crate,,,,,,,,,,,,,,,,,,,,,,,,,,,
335,Crate,,,,,,,,,,,,,,,,,,,,,,,,,,,
336,Crate,,,,,,,,,,,,,,,,,,,,,,,,,,,
337,Crate,,,,,,,,,,,,,,,,,,,,,,,,,,,
338,Crate,,,,,,,,,,,,,,,,,,,,,,,,,,,
339,Crate,,,,,,,,,,,,,,,,,,,,,,,,,,,
340,Crate,,,,,,,,,,,,,,,,,,,,,,,,,,,
341,Crate,,,,,,,,,,,,,,,,,,,,,,,,,,,
342,Crate,,,,,,,,,,,,,,,,,,,,,,,,,,,
343,Crate,,,,,,,,,,,,,,,,,,,,,,,,,,,
344,Crate,,,,,,,,,,,,,,,,,,,,,,,,,,,
345,Crate,,,,,,,,,,,,,,,,,,,,,,,,,,,
346,Crate,,,,,,,,,,,,,,,,,,,,,,,,,,,
347,Crate,,,,,,,,,,,,,,,,,,,,,,,,,,,
348,Crate,,,,,,,,,,,,,,,,,,,,,,,,,,,
349,Crate,,,,,,,,,,,,,,,,,,,,,,,,,,,
350,Crate,,,,,,,,,,,,,,,,,,,,,,,,,,,
351,Crate,,,,,,,,,,,,,,,,,,,,,,,,,,,
352,Crate,,,,,,,,,,,,,,,,,,,,,,,,,,,
353,Crate,,,,,,,,,,,,,,,,,,,,,,,,,,,
354,Crate,,,,,,,,,,,,,,,,,,,,,,,,,,,
355,Crate,,,,,,,,,,,,,,,,,,,,,,,,,,,
356,Crate,,,,,,,,,,,,,,,,,,,,,,,,,,,
357,Crate,,,,,,,,,,,,,,,,,,,,,,,,,,,
358,Crate,,,,,,,,,,,,,,,,,,,,,,,,,,,
359,Crate,,,,,,,,,,,,,,,,,,,,,,,,,,,
360,Crate,,,,,,,,,,,,,,,,,,,,,,,,,,,
361,Crate,,,,,,,,,,,,,,,,,,,,,,,,,,,
362,Crate,,,,,,,,,,,,,,,,,,,,,,,,,,,
363,Crate,,,,,,,,,,,,,,,,,,,,,,,,,,,
364,Crate,,,,,,,,,,,,,,,,,,,,,,,,,,,
365,Crate,,,,,,,,,,,,,,,,,,,,,,,,,,,
366,Crate,,,,,,,,,,,,,,,,,,,,,,,,,,,
367,Crate,,,,,,,,,,,,,,,,,,,,,,,,,,,
368,Crate,,,,,,,,,,,,,,,,,,,,,,,,,,,
369,Crate,,,,,,,,,,,,,,,,,,,,,,,,,,,
370,Crate,,,,,,,,,,,,,,,,,,,,,,,,,,,
371,Crate,,,,,,,,,,,,,,,,,,,,,,,,,,,
372,Crate,,,,,,,,,,,,,,,,,,,,,,,,,,,
373,Crate,,,,,,,,,,,,,,,,,,,,,,,,,,,
374,Crate,,,,,,,,,,,,,,,,,,,,,,,,,,,
375,Crate,,,,,,,,,,,,,,,,,,,,,,,,,,,
376,Crate,,,,,,,,,,,,,,,,,,,,,,,,,,,
377,Crate,,,,,,,,,,,,,,,,,,,,,,,,,,,
378,Crate,,,,,,,,,,,,,,,,,,,,,,,,,,,
379,Crate,,,,,,,,,,,,,,,,,,,,,,,,,,,
380,Crate,,,,,,,,,,,,,,,,,,,,,,,,,,,
381,Crate,,,,,,,,,,,,,,,,,,,,,,,,,,,
382,Crate,,,,,,,,,,,,,,,,,,,,,,,,,,,
383,Crate,,,,,,,,,,,,,,,,,,,,,,,,,,,
384,Crate,,,,,,,,,,,,,,,,,,,,,,,,,,,
385,Crate,,,,,,,,,,,,,,,,,,,,,,,,,,,
386,Crate,,,,,,,,,,,,,,,,,,,,,,,,,,,
387,Crate,,,,,,,,,,,,,,,,,,,,,,,,,,,
388,Crate,,,,,,,,,,,,,,,,,,,,,,,,,,,
389,Crate,,,,,,,,,,,,,,,,,,,,,,,,,,,
390,Crate,,,,,,,,,,,,,,,,,,,,,,,,,,,
391,Crate,,,,,,,,,,,,,,,,,,,,,,,,,,,
392,Crate,,,,,,,,,,,,,,,,,,,,,,,,,,,
393,Crate,,,,,,,,,,,,,,,,,,,,,,,,,,,
394,Crate,,,,,,,,,,,,,,,,,,,,,,,,,,,
395,Crate,,,,,,,,,,,,,,,,,,,,,,,,,,,
396,Crate,,,,,,,,,,,,,,,,,,,,,,,,,,,
397,Crate,,,,,,,,,,,,,,,,,,,,,,,,,,,
398,Crate,,,,,,,,,,,,,,,,,,,,,,,,,,,
399,Crate,,,,,,,,,,,,,,,,,,,,,,,,,,,
400,Seed,,,,,,,,,,,,,,,,,,,,,,,,,,,
401,Seed,,,,,,,,,,,,,,,,,,,,,,,,,,,
402,Seed,,,,,,,,,,,,,,,,,,,,,,,,,,,
403,Seed,,,,,,,,,,,,,,,,,,,,,,,,,,,
404,Seed,,,,,,,,,,,,,,,,,,,,,,,,,,,
405,Seed,,,,,,,,,,,,,,,,,,,,,,,,,,,
406,Seed,,,,,,,,,,,,,,,,,,,,,,,,,,,
407,Seed,,,,,,,,,,,,,,,,,,,,,,,,,,,
408,Seed,,,,,,,,,,,,,,,,,,,,,,,,,,,
409,Seed,,,,,,,,,,,,,,,,,,,,,,,,,,,
410,Seed,,,,,,,,,,,,,,,,,,,,,,,,,,,
411,Seed,,,,,,,,,,,,,,,,,,,,,,,,,,,
412,Seed,,,,,,,,,,,,,,,,,,,,,,,,,,,
413,Seed,,,,,,,,,,,,,,,,,,,,,,,,,,,
414,Seed,,,,,,,,,,,,,,,,,,,,,,,,,,,
415,Seed,,,,,,,,,,,,,,,,,,,,,,,,,,,
416,Seed,,,,,,,,,,,,,,,,,,,,,,,,,,,
417,Seed,,,,,,,,,,,,,,,,,,,,,,,,,,,
418,Seed,,,,,,,,,,,,,,,,,,,,,,,,,,,
419,Seed,,,,,,,,,,,,,,,,,,,,,,,,,,,
420,Seed,,,,,,,,,,,,,,,,,,,,,,,,,,,
421,Seed,,,,,,,,,,,,,,,,,,,,,,,,,,,
422,Seed,,,,,,,,,,,,,,,,,,,,,,,,,,,
423,Seed,,,,,,,,,,,,,,,,,,,,,,,,,,,
424,Seed,,,,,,,,,,,,,,,,,,,,,,,,,,,
425,Seed,,,,,,,,,,,,,,,,,,,,,,,,,,,
426,Seed,,,,,,,,,,,,,,,,,,,,,,,,,,,
427,Seed,,,,,,,,,,,,,,,,,,,,,,,,,,,
428,Seed,,,,,,,,,,,,,,,,,,,,,,,,,,,
429,Seed,,,,,,,,,,,,,,,,,,,,,,,,,,,
430,Seed,,,,,,,,,,,,,,,,,,,,,,,,,,,
431,Seed,,,,,,,,,,,,,,,,,,,,,,,,,,,
432,Seed,,,,,,,,,,,,,,,,,,,,,,,,,,,
433,Seed,,,,,,,,,,,,,,,,,,,,,,,,,,,
434,Seed,,,,,,,,,,,,,,,,,,,,,,,,,,,
435,Seed,,,,,,,,,,,,,,,,,,,,,,,,,,,
436,Seed,,,,,,,,,,,,,,,,,,,,,,,,,,,
437,Seed,,,,,,,,,,,,,,,,,,,,,,,,,,,
438,Seed,,,,,,,,,,,,,,,,,,,,,,,,,,,
439,Seed,,,,,,,,,,,,,,,,,,,,,,,,,,,
440,Seed,,,,,,,,,,,,,,,,,,,,,,,,,,,
441,Seed,,,,,,,,,,,,,,,,,,,,,,,,,,,
442,Seed,,,,,,,,,,,,,,,,,,,,,,,,,,,
443,Seed,,,,,,,,,,,,,,,,,,,,,,,,,,,
444,Seed,,,,,,,,,,,,,,,,,,,,,,,,,,,
445,Seed,,,,,,,,,,,,,,,,,,,,,,,,,,,
446,Seed,,,,,,,,,,,,,,,,,,,,,,,,,,,
447,Seed,,,,,,,,,,,,,,,,,,,,,,,,,,,
448,Seed,,,,,,,,,,,,,,,,,,,,,,,,,,,
449,Seed,,,,,,,,,,,,,,,,,,,,,,,,,,,
450,Seed,,,,,,,,,,,,,,,,,,,,,,,,,,,
451,Seed,,,,,,,,,,,,,,,,,,,,,,,,,,,
452,Seed,,,,,,,,,,,,,,,,,,,,,,,,,,,
453,Seed,,,,,,,,,,,,,,,,,,,,,,,,,,,
454,Seed,,,,,,,,,,,,,,,,,,,,,,,,,,,
455,Seed,,,,,,,,,,,,,,,,,,,,,,,,,,,
456,Seed,,,,,,,,,,,,,,,,,,,,,,,,,,,
457,Seed,,,,,,,,,,,,,,,,,,,,,,,,,,,
458,Seed,,,,,,,,,,,,,,,,,,,,,,,,,,,
459,Seed,,,,,,,,,,,,,,,,,,,,,,,,,,,
460,Seed,,,,,,,,,,,,,,,,,,,,,,,,,,,
461,Seed,,,,,,,,,,,,,,,,,,,,,,,,,,,
462,Seed,,,,,,,,,,,,,,,,,,,,,,,,,,,
463,Seed,,,,,,,,,,,,,,,,,,,,,,,,,,,
464,Seed,,,,,,,,,,,,,,,,,,,,,,,,,,,
465,Seed,,,,,,,,,,,,,,,,,,,,,,,,,,,
466,Seed,,,,,,,,,,,,,,,,,,,,,,,,,,,
467,Seed,,,,,,,,,,,,,,,,,,,,,,,,,,,
468,Seed,,,,,,,,,,,,,,,,,,,,,,,,,,,
469,Seed,,,,,,,,,,,,,,,,,,,,,,,,,,,
470,Seed,,,,,,,,,,,,,,,,,,,,,,,,,,,
471,Seed,,,,,,,,,,,,,,,,,,,,,,,,,,,
472,Seed,,,,,,,,,,,,,,,,,,,,,,,,,,,
473,Seed,,,,,,,,,,,,,,,,,,,,,,,,,,,
474,Seed,,,,,,,,,,,,,,,,,,,,,,,,,,,
475,Seed,,,,,,,,,,,,,,,,,,,,,,,,,,,
476,Seed,,,,,,,,,,,,,,,,,,,,,,,,,,,
477,Seed,,,,,,,,,,,,,,,,,,,,,,,,,,,
478,Seed,,,,,,,,,,,,,,,,,,,,,,,,,,,
479,Seed,,,,,,,,,,,,,,,,,,,,,,,,,,,
480,Seed,,,,,,,,,,,,,,,,,,,,,,,,,,,
481,Seed,,,,,,,,,,,,,,,,,,,,,,,,,,,
482,Seed,,,,,,,,,,,,,,,,,,,,,,,,,,,
483,Seed,,,,,,,,,,,,,,,,,,,,,,,,,,,
484,Seed,,,,,,,,,,,,,,,,,,,,,,,,,,,
485,Seed,,,,,,,,,,,,,,,,,,,,,,,,,,,
486,Seed,,,,,,,,,,,,,,,,,,,,,,,,,,,
487,Seed,,,,,,,,,,,,,,,,,,,,,,,,,,,
488,Seed,,,,,,,,,,,,,,,,,,,,,,,,,,,
489,Seed,,,,,,,,,,,,,,,,,,,,,,,,,,,
490,Seed,,,,,,,,,,,,,,,,,,,,,,,,,,,
491,Seed,,,,,,,,,,,,,,,,,,,,,,,,,,,
492,Seed,,,,,,,,,,,,,,,,,,,,,,,,,,,
493,Seed,,,,,,,,,,,,,,,,,,,,,,,,,,,
494,Seed,,,,,,,,,,,,,,,,,,,,,,,,,,,
495,Seed,,,,,,,,,,,,,,,,,,,,,,,,,,,
496,Seed,,,,,,,,,,,,,,,,,,,,,,,,,,,
497,Seed,,,,,,,,,,,,,,,,,,,,,,,,,,,
498,Seed,,,,,,,,,,,,,,,,,,,,,,,,,,,
499,Seed,,,,,,,,,,,,,,,,,,,,,,,,,,,
500,Egg,,,,,,,,,,,,,,,,,,,,,,,,,,,
501,Egg,,,,,,,,,,,,,,,,,,,,,,,,,,,
502,Egg,,,,,,,,,,,,,,,,,,,,,,,,,,,
503,Egg,,,,,,,,,,,,,,,,,,,,,,,,,,,
504,Egg,,,,,,,,,,,,,,,,,,,,,,,,,,,
505,Egg,,,,,,,,,,,,,,,,,,,,,,,,,,,
506,Egg,,,,,,,,,,,,,,,,,,,,,,,,,,,
507,Egg,,,,,,,,,,,,,,,,,,,,,,,,,,,
508,Egg,,,,,,,,,,,,,,,,,,,,,,,,,,,
509,Egg,,,,,,,,,,,,,,,,,,,,,,,,,,,
510,Egg,,,,,,,,,,,,,,,,,,,,,,,,,,,
511,Egg,,,,,,,,,,,,,,,,,,,,,,,,,,,
512,Egg,,,,,,,,,,,,,,,,,,,,,,,,,,,
513,Egg,,,,,,,,,,,,,,,,,,,,,,,,,,,
514,Egg,,,,,,,,,,,,,,,,,,,,,,,,,,,
515,Egg,,,,,,,,,,,,,,,,,,,,,,,,,,,
516,Egg,,,,,,,,,,,,,,,,,,,,,,,,,,,
517,Egg,,,,,,,,,,,,,,,,,,,,,,,,,,,
518,Egg,,,,,,,,,,,,,,,,,,,,,,,,,,,
519,Egg,,,,,,,,,,,,,,,,,,,,,,,,,,,
520,Egg,,,,,,,,,,,,,,,,,,,,,,,,,,,
521,Egg,,,,,,,,,,,,,,,,,,,,,,,,,,,
522,Egg,,,,,,,,,,,,,,,,,,,,,,,,,,,
523,Egg,,,,,,,,,,,,,,,,,,,,,,,,,,,
524,Egg,,,,,,,,,,,,,,,,,,,,,,,,,,,
525,Egg,,,,,,,,,,,,,,,,,,,,,,,,,,,
526,Egg,,,,,,,,,,,,,,,,,,,,,,,,,,,
527,Egg,,,,,,,,,,,,,,,,,,,,,,,,,,,
528,Egg,,,,,,,,,,,,,,,,,,,,,,,,,,,
529,Egg,,,,,,,,,,,,,,,,,,,,,,,,,,,
530,Egg,,,,,,,,,,,,,,,,,,,,,,,,,,,
531,Egg,,,,,,,,,,,,,,,,,,,,,,,,,,,
532,Egg,,,,,,,,,,,,,,,,,,,,,,,,,,,
533,Egg,,,,,,,,,,,,,,,,,,,,,,,,,,,
534,Egg,,,,,,,,,,,,,,,,,,,,,,,,,,,
535,Egg,,,,,,,,,,,,,,,,,,,,,,,,,,,
536,Egg,,,,,,,,,,,,,,,,,,,,,,,,,,,
537,Egg,,,,,,,,,,,,,,,,,,,,,,,,,,,
538,Egg,,,,,,,,,,,,,,,,,,,,,,,,,,,
539,Egg,,,,,,,,,,,,,,,,,,,,,,,,,,,
540,Egg,,,,,,,,,,,,,,,,,,,,,,,,,,,
541,Egg,,,,,,,,,,,,,,,,,,,,,,,,,,,
542,Egg,,,,,,,,,,,,,,,,,,,,,,,,,,,
543,Egg,,,,,,,,,,,,,,,,,,,,,,,,,,,
544,Egg,,,,,,,,,,,,,,,,,,,,,,,,,,,
545,Egg,,,,,,,,,,,,,,,,,,,,,,,,,,,
546,Egg,,,,,,,,,,,,,,,,,,,,,,,,,,,
547,Egg,,,,,,,,,,,,,,,,,,,,,,,,,,,
548,Egg,,,,,,,,,,,,,,,,,,,,,,,,,,,
549,Egg,,,,,,,,,,,,,,,,,,,,,,,,,,,
550,Egg,,,,,,,,,,,,,,,,,,,,,,,,,,,
551,Egg,,,,,,,,,,,,,,,,,,,,,,,,,,,
552,Egg,,,,,,,,,,,,,,,,,,,,,,,,,,,
553,Egg,,,,,,,,,,,,,,,,,,,,,,,,,,,
554,Egg,,,,,,,,,,,,,,,,,,,,,,,,,,,
555,Egg,,,,,,,,,,,,,,,,,,,,,,,,,,,
556,Egg,,,,,,,,,,,,,,,,,,,,,,,,,,,
557,Egg,,,,,,,,,,,,,,,,,,,,,,,,,,,
558,Egg,,,,,,,,,,,,,,,,,,,,,,,,,,,
559,Egg,,,,,,,,,,,,,,,,,,,,,,,,,,,
560,Egg,,,,,,,,,,,,,,,,,,,,,,,,,,,
561,Egg,,,,,,,,,,,,,,,,,,,,,,,,,,,
562,Egg,,,,,,,,,,,,,,,,,,,,,,,,,,,
563,Egg,,,,,,,,,,,,,,,,,,,,,,,,,,,
564,Egg,,,,,,,,,,,,,,,,,,,,,,,,,,,
565,Egg,,,,,,,,,,,,,,,,,,,,,,,,,,,
566,Egg,,,,,,,,,,,,,,,,,,,,,,,,,,,
567,Egg,,,,,,,,,,,,,,,,,,,,,,,,,,,
568,Egg,,,,,,,,,,,,,,,,,,,,,,,,,,,
569,Egg,,,,,,,,,,,,,,,,,,,,,,,,,,,
570,Egg,,,,,,,,,,,,,,,,,,,,,,,,,,,
571,Egg,,,,,,,,,,,,,,,,,,,,,,,,,,,
572,Egg,,,,,,,,,,,,,,,,,,,,,,,,,,,
573,Egg,,,,,,,,,,,,,,,,,,,,,,,,,,,
574,Egg,,,,,,,,,,,,,,,,,,,,,,,,,,,
575,Egg,,,,,,,,,,,,,,,,,,,,,,,,,,,
576,Egg,,,,,,,,,,,,,,,,,,,,,,,,,,,
577,Egg,,,,,,,,,,,,,,,,,,,,,,,,,,,
578,Egg,,,,,,,,,,,,,,,,,,,,,,,,,,,
579,Egg,,,,,,,,,,,,,,,,,,,,,,,,,,,
580,Egg,,,,,,,,,,,,,,,,,,,,,,,,,,,
581,Egg,,,,,,,,,,,,,,,,,,,,,,,,,,,
582,Egg,,,,,,,,,,,,,,,,,,,,,,,,,,,
583,Egg,,,,,,,,,,,,,,,,,,,,,,,,,,,
584,Egg,,,,,,,,,,,,,,,,,,,,,,,,,,,
585,Egg,,,,,,,,,,,,,,,,,,,,,,,,,,,
586,Egg,,,,,,,,,,,,,,,,,,,,,,,,,,,
587,Egg,,,,,,,,,,,,,,,,,,,,,,,,,,,
588,Egg,,,,,,,,,,,,,,,,,,,,,,,,,,,
589,Egg,,,,,,,,,,,,,,,,,,,,,,,,,,,
590,Egg,,,,,,,,,,,,,,,,,,,,,,,,,,,
591,Egg,,,,,,,,,,,,,,,,,,,,,,,,,,,
592,Egg,,,,,,,,,,,,,,,,,,,,,,,,,,,
593,Egg,,,,,,,,,,,,,,,,,,,,,,,,,,,
594,Egg,,,,,,,,,,,,,,,,,,,,,,,,,,,
595,Egg,,,,,,,,,,,,,,,,,,,,,,,,,,,
596,Egg,,,,,,,,,,,,,,,,,,,,,,,,,,,
597,Egg,,,,,,,,,,,,,,,,,,,,,,,,,,,
598,Egg,,,,,,,,,,,,,,,,,,,,,,,,,,,
599,Egg,,,,,,,,,,,,,,,,,,,,,,,,,,,
600,Crafting,,,,,,,,,,,,,,,,,,,,,,,,,,,
601,Crafting,,,,,,,,,,,,,,,,,,,,,,,,,,,
602,Crafting,,,,,,,,,,,,,,,,,,,,,,,,,,,
603,Crafting,,,,,,,,,,,,,,,,,,,,,,,,,,,
604,Crafting,,,,,,,,,,,,,,,,,,,,,,,,,,,
605,Crafting,,,,,,,,,,,,,,,,,,,,,,,,,,,
606,Crafting,,,,,,,,,,,,,,,,,,,,,,,,,,,
607,Crafting,,,,,,,,,,,,,,,,,,,,,,,,,,,
608,Crafting,,,,,,,,,,,,,,,,,,,,,,,,,,,
609,Crafting,,,,,,,,,,,,,,,,,,,,,,,,,,,
610,Crafting,,,,,,,,,,,,,,,,,,,,,,,,,,,
611,Crafting,,,,,,,,,,,,,,,,,,,,,,,,,,,
612,Crafting,,,,,,,,,,,,,,,,,,,,,,,,,,,
613,Crafting,,,,,,,,,,,,,,,,,,,,,,,,,,,
614,Crafting,,,,,,,,,,,,,,,,,,,,,,,,,,,
615,Crafting,,,,,,,,,,,,,,,,,,,,,,,,,,,
616,Crafting,,,,,,,,,,,,,,,,,,,,,,,,,,,
617,Crafting,,,,,,,,,,,,,,,,,,,,,,,,,,,
618,Crafting,,,,,,,,,,,,,,,,,,,,,,,,,,,
619,Crafting,,,,,,,,,,,,,,,,,,,,,,,,,,,
620,Crafting,,,,,,,,,,,,,,,,,,,,,,,,,,,
621,Crafting,,,,,,,,,,,,,,,,,,,,,,,,,,,
622,Crafting,,,,,,,,,,,,,,,,,,,,,,,,,,,
623,Crafting,,,,,,,,,,,,,,,,,,,,,,,,,,,
624,Crafting,,,,,,,,,,,,,,,,,,,,,,,,,,,
625,Crafting,,,,,,,,,,,,,,,,,,,,,,,,,,,
626,Crafting,,,,,,,,,,,,,,,,,,,,,,,,,,,
627,Crafting,,,,,,,,,,,,,,,,,,,,,,,,,,,
628,Crafting,,,,,,,,,,,,,,,,,,,,,,,,,,,
629,Crafting,,,,,,,,,,,,,,,,,,,,,,,,,,,
630,Crafting,,,,,,,,,,,,,,,,,,,,,,,,,,,
631,Crafting,,,,,,,,,,,,,,,,,,,,,,,,,,,
632,Crafting,,,,,,,,,,,,,,,,,,,,,,,,,,,
633,Crafting,,,,,,,,,,,,,,,,,,,,,,,,,,,
634,Crafting,,,,,,,,,,,,,,,,,,,,,,,,,,,
635,Crafting,,,,,,,,,,,,,,,,,,,,,,,,,,,
636,Crafting,,,,,,,,,,,,,,,,,,,,,,,,,,,
637,Crafting,,,,,,,,,,,,,,,,,,,,,,,,,,,
638,Crafting,,,,,,,,,,,,,,,,,,,,,,,,,,,
639,Crafting,,,,,,,,,,,,,,,,,,,,,,,,,,,
640,Crafting,,,,,,,,,,,,,,,,,,,,,,,,,,,
641,Crafting,,,,,,,,,,,,,,,,,,,,,,,,,,,
642,Crafting,,,,,,,,,,,,,,,,,,,,,,,,,,,
643,Crafting,,,,,,,,,,,,,,,,,,,,,,,,,,,
644,Crafting,,,,,,,,,,,,,,,,,,,,,,,,,,,
645,Crafting,,,,,,,,,,,,,,,,,,,,,,,,,,,
646,Crafting,,,,,,,,,,,,,,,,,,,,,,,,,,,
647,Crafting,,,,,,,,,,,,,,,,,,,,,,,,,,,
648,Crafting,,,,,,,,,,,,,,,,,,,,,,,,,,,
649,Crafting,,,,,,,,,,,,,,,,,,,,,,,,,,,
650,Crafting,,,,,,,,,,,,,,,,,,,,,,,,,,,
651,Crafting,,,,,,,,,,,,,,,,,,,,,,,,,,,
652,Crafting,,,,,,,,,,,,,,,,,,,,,,,,,,,
653,Crafting,,,,,,,,,,,,,,,,,,,,,,,,,,,
654,Crafting,,,,,,,,,,,,,,,,,,,,,,,,,,,
655,Crafting,,,,,,,,,,,,,,,,,,,,,,,,,,,
656,Crafting,,,,,,,,,,,,,,,,,,,,,,,,,,,
657,Crafting,,,,,,,,,,,,,,,,,,,,,,,,,,,
658,Crafting,,,,,,,,,,,,,,,,,,,,,,,,,,,
659,Crafting,,,,,,,,,,,,,,,,,,,,,,,,,,,
660,Crafting,,,,,,,,,,,,,,,,,,,,,,,,,,,
661,Crafting,,,,,,,,,,,,,,,,,,,,,,,,,,,
662,Crafting,,,,,,,,,,,,,,,,,,,,,,,,,,,
663,Crafting,,,,,,,,,,,,,,,,,,,,,,,,,,,
664,Crafting,,,,,,,,,,,,,,,,,,,,,,,,,,,
665,Crafting,,,,,,,,,,,,,,,,,,,,,,,,,,,
666,Crafting,,,,,,,,,,,,,,,,,,,,,,,,,,,
667,Crafting,,,,,,,,,,,,,,,,,,,,,,,,,,,
668,Crafting,,,,,,,,,,,,,,,,,,,,,,,,,,,
669,Crafting,,,,,,,,,,,,,,,,,,,,,,,,,,,
670,Crafting,,,,,,,,,,,,,,,,,,,,,,,,,,,
671,Crafting,,,,,,,,,,,,,,,,,,,,,,,,,,,
672,Crafting,,,,,,,,,,,,,,,,,,,,,,,,,,,
673,Crafting,,,,,,,,,,,,,,,,,,,,,,,,,,,
674,Crafting,,,,,,,,,,,,,,,,,,,,,,,,,,,
675,Crafting,,,,,,,,,,,,,,,,,,,,,,,,,,,
676,Crafting,,,,,,,,,,,,,,,,,,,,,,,,,,,
677,Crafting,,,,,,,,,,,,,,,,,,,,,,,,,,,
678,Crafting,,,,,,,,,,,,,,,,,,,,,,,,,,,
679,Crafting,,,,,,,,,,,,,,,,,,,,,,,,,,,
680,Crafting,,,,,,,,,,,,,,,,,,,,,,,,,,,
681,Crafting,,,,,,,,,,,,,,,,,,,,,,,,,,,
682,Crafting,,,,,,,,,,,,,,,,,,,,,,,,,,,
683,Crafting,,,,,,,,,,,,,,,,,,,,,,,,,,,
684,Crafting,,,,,,,,,,,,,,,,,,,,,,,,,,,
685,Crafting,,,,,,,,,,,,,,,,,,,,,,,,,,,
686,Crafting,,,,,,,,,,,,,,,,,,,,,,,,,,,
687,Crafting,,,,,,,,,,,,,,,,,,,,,,,,,,,
688,Crafting,,,,,,,,,,,,,,,,,,,,,,,,,,,
689,Crafting,,,,,,,,,,,,,,,,,,,,,,,,,,,
690,Crafting,,,,,,,,,,,,,,,,,,,,,,,,,,,
691,Crafting,,,,,,,,,,,,,,,,,,,,,,,,,,,
692,Crafting,,,,,,,,,,,,,,,,,,,,,,,,,,,
693,Crafting,,,,,,,,,,,,,,,,,,,,,,,,,,,
694,Crafting,,,,,,,,,,,,,,,,,,,,,,,,,,,
695,Crafting,,,,,,,,,,,,,,,,,,,,,,,,,,,
696,Crafting,,,,,,,,,,,,,,,,,,,,,,,,,,,
697,Crafting,,,,,,,,,,,,,,,,,,,,,,,,,,,
698,Crafting,,,,,,,,,,,,,,,,,,,,,,,,,,,
699,Crafting,,,,,,,,,,,,,,,,,,,,,,,,,,,
700,Crafting,,,,,,,,,,,,,,,,,,,,,,,,,,,
701,Land,,,,,,,,,,,,,,,,,,,,,,,,,,,
702,Land,,,,,,,,,,,,,,,,,,,,,,,,,,,
703,Land,,,,,,,,,,,,,,,,,,,,,,,,,,,
704,Land,,,,,,,,,,,,,,,,,,,,,,,,,,,
705,Land,,,,,,,,,,,,,,,,,,,,,,,,,,,
706,Land,,,,,,,,,,,,,,,,,,,,,,,,,,,
707,Land,,,,,,,,,,,,,,,,,,,,,,,,,,,
708,Land,,,,,,,,,,,,,,,,,,,,,,,,,,,
709,Land,,,,,,,,,,,,,,,,,,,,,,,,,,,
710,Land,,,,,,,,,,,,,,,,,,,,,,,,,,,
711,Land,,,,,,,,,,,,,,,,,,,,,,,,,,,
712,Land,,,,,,,,,,,,,,,,,,,,,,,,,,,
713,Land,,,,,,,,,,,,,,,,,,,,,,,,,,,
714,Land,,,,,,,,,,,,,,,,,,,,,,,,,,,
715,Land,,,,,,,,,,,,,,,,,,,,,,,,,,,
716,Land,,,,,,,,,,,,,,,,,,,,,,,,,,,
717,Land,,,,,,,,,,,,,,,,,,,,,,,,,,,
718,Land,,,,,,,,,,,,,,,,,,,,,,,,,,,
719,Land,,,,,,,,,,,,,,,,,,,,,,,,,,,
720,Land,,,,,,,,,,,,,,,,,,,,,,,,,,,
721,Land,,,,,,,,,,,,,,,,,,,,,,,,,,,
722,Land,,,,,,,,,,,,,,,,,,,,,,,,,,,
723,Land,,,,,,,,,,,,,,,,,,,,,,,,,,,
724,Land,,,,,,,,,,,,,,,,,,,,,,,,,,,
725,Land,,,,,,,,,,,,,,,,,,,,,,,,,,,
726,Land,,,,,,,,,,,,,,,,,,,,,,,,,,,
727,Land,,,,,,,,,,,,,,,,,,,,,,,,,,,
728,Land,,,,,,,,,,,,,,,,,,,,,,,,,,,
729,Land,,,,,,,,,,,,,,,,,,,,,,,,,,,
730,Land,,,,,,,,,,,,,,,,,,,,,,,,,,,
731,Land,,,,,,,,,,,,,,,,,,,,,,,,,,,
732,Land,,,,,,,,,,,,,,,,,,,,,,,,,,,
733,Land,,,,,,,,,,,,,,,,,,,,,,,,,,,
734,Land,,,,,,,,,,,,,,,,,,,,,,,,,,,
735,Land,,,,,,,,,,,,,,,,,,,,,,,,,,,
736,Land,,,,,,,,,,,,,,,,,,,,,,,,,,,
737,Land,,,,,,,,,,,,,,,,,,,,,,,,,,,
738,Land,,,,,,,,,,,,,,,,,,,,,,,,,,,
739,Land,,,,,,,,,,,,,,,,,,,,,,,,,,,
740,Land,,,,,,,,,,,,,,,,,,,,,,,,,,,
741,Land,,,,,,,,,,,,,,,,,,,,,,,,,,,
742,Land,,,,,,,,,,,,,,,,,,,,,,,,,,,
743,Land,,,,,,,,,,,,,,,,,,,,,,,,,,,
744,Land,,,,,,,,,,,,,,,,,,,,,,,,,,,
745,Land,,,,,,,,,,,,,,,,,,,,,,,,,,,
746,Land,,,,,,,,,,,,,,,,,,,,,,,,,,,
747,Land,,,,,,,,,,,,,,,,,,,,,,,,,,,
748,Land,,,,,,,,,,,,,,,,,,,,,,,,,,,
749,Land,,,,,,,,,,,,,,,,,,,,,,,,,,,
750,Land,,,,,,,,,,,,,,,,,,,,,,,,,,,
751,Land,,,,,,,,,,,,,,,,,,,,,,,,,,,
752,Land,,,,,,,,,,,,,,,,,,,,,,,,,,,
753,Land,,,,,,,,,,,,,,,,,,,,,,,,,,,
754,Land,,,,,,,,,,,,,,,,,,,,,,,,,,,
755,Land,,,,,,,,,,,,,,,,,,,,,,,,,,,
756,Land,,,,,,,,,,,,,,,,,,,,,,,,,,,
757,Land,,,,,,,,,,,,,,,,,,,,,,,,,,,
758,Land,,,,,,,,,,,,,,,,,,,,,,,,,,,
759,Land,,,,,,,,,,,,,,,,,,,,,,,,,,,
760,Land,,,,,,,,,,,,,,,,,,,,,,,,,,,
761,Land,,,,,,,,,,,,,,,,,,,,,,,,,,,
762,Land,,,,,,,,,,,,,,,,,,,,,,,,,,,
763,Land,,,,,,,,,,,,,,,,,,,,,,,,,,,
764,Land,,,,,,,,,,,,,,,,,,,,,,,,,,,
765,Land,,,,,,,,,,,,,,,,,,,,,,,,,,,
766,Land,,,,,,,,,,,,,,,,,,,,,,,,,,,
767,Land,,,,,,,,,,,,,,,,,,,,,,,,,,,
768,Land,,,,,,,,,,,,,,,,,,,,,,,,,,,
769,Land,,,,,,,,,,,,,,,,,,,,,,,,,,,
770,Land,,,,,,,,,,,,,,,,,,,,,,,,,,,
771,Land,,,,,,,,,,,,,,,,,,,,,,,,,,,
772,Land,,,,,,,,,,,,,,,,,,,,,,,,,,,
773,Land,,,,,,,,,,,,,,,,,,,,,,,,,,,
774,Land,,,,,,,,,,,,,,,,,,,,,,,,,,,
775,Land,,,,,,,,,,,,,,,,,,,,,,,,,,,
776,Land,,,,,,,,,,,,,,,,,,,,,,,,,,,
777,Land,,,,,,,,,,,,,,,,,,,,,,,,,,,
778,Land,,,,,,,,,,,,,,,,,,,,,,,,,,,
779,Land,,,,,,,,,,,,,,,,,,,,,,,,,,,
780,Land,,,,,,,,,,,,,,,,,,,,,,,,,,,
781,Land,,,,,,,,,,,,,,,,,,,,,,,,,,,
782,Land,,,,,,,,,,,,,,,,,,,,,,,,,,,
783,Land,,,,,,,,,,,,,,,,,,,,,,,,,,,
784,Land,,,,,,,,,,,,,,,,,,,,,,,,,,,
785,Land,,,,,,,,,,,,,,,,,,,,,,,,,,,
786,Land,,,,,,,,,,,,,,,,,,,,,,,,,,,
787,Land,,,,,,,,,,,,,,,,,,,,,,,,,,,
788,Land,,,,,,,,,,,,,,,,,,,,,,,,,,,
789,Land,,,,,,,,,,,,,,,,,,,,,,,,,,,
790,Land,,,,,,,,,,,,,,,,,,,,,,,,,,,
791,Land,,,,,,,,,,,,,,,,,,,,,,,,,,,
792,Land,,,,,,,,,,,,,,,,,,,,,,,,,,,
793,Land,,,,,,,,,,,,,,,,,,,,,,,,,,,
794,Land,,,,,,,,,,,,,,,,,,,,,,,,,,,
795,Land,,,,,,,,,,,,,,,,,,,,,,,,,,,
796,Land,,,,,,,,,,,,,,,,,,,,,,,,,,,
797,Land,,,,,,,,,,,,,,,,,,,,,,,,,,,
798,Land,,,,,,,,,,,,,,,,,,,,,,,,,,,
799,Land,,,,,,,,,,,,,,,,,,,,,,,,,,,
